,Price,House_Type,Bedrooms,Bathrooms,Stations,Ports
0,"£330,000",Studio for sale,0,1,"['0.3 miles South Kensington', '0.5 miles Sloane Square']",[]
1,"£4,500,000",4 bed terraced house for sale,4,3,['0.5 miles South Kensington'],['0.4 miles Cadogan Pier']
2,"£1,795,000",3 bed flat for sale,3,2,"['0.5 miles South Kensington', '0.6 miles Gloucester Road']",[]
3,"£725,000",1 bed flat for sale,1,1,"['0.4 miles Sloane Square', '0.4 miles South Kensington']",[]
4,"£515,000",1 bed flat for sale,1,1,['0.4 miles West Brompton'],[]
5,"£825,000",2 bed flat for sale,2,1,"['0.4 miles Sloane Square', '0.5 miles South Kensington']",[]
6,"£500,000",1 bed flat for sale,1,1,['0.7 miles South Kensington'],['0.1 miles Cadogan Pier']
7,"£1,575,000",2 bed flat for sale,2,2,"['0.4 miles South Kensington', '0.4 miles Sloane Square']",[]
8,"£4,000,000",3 bed property for sale,3,3,['0.4 miles Sloane Square'],['0.3 miles Cadogan Pier']
9,"£5,500,000",5 bed terraced house for sale,5,0,"['0.3 miles Sloane Square', '0.5 miles South Kensington']",[]
10,"£2,600,000",3 bed flat for sale,3,2,['0.2 miles Sloane Square'],['0.6 miles Cadogan Pier']
11,"£500,000",1 bed flat for sale,1,1,['0.7 miles South Kensington'],['0.1 miles Cadogan Pier']
12,"£800,000",3 bed flat for sale,3,1,"['0.3 miles Sloane Square', '0.4 miles South Kensington']",[]
13,POA,3 bed flat for sale,3,3,['0.4 miles South Kensington'],['0.4 miles Cadogan Pier']
14,POA,2 bed flat for sale,2,2,['0.4 miles South Kensington'],['0.4 miles Cadogan Pier']
15,"£1,950,000",2 bed flat for sale,2,2,['0.8 miles South Kensington'],['0.2 miles Cadogan Pier']
16,"£775,000",1 bed flat for sale,1,1,"['0.3 miles South Kensington', '0.4 miles Sloane Square']",[]
17,"£5,350,000",5 bed terraced house for sale,5,4,['0.3 miles Sloane Square'],['0.5 miles Cadogan Pier']
18,"£995,000",2 bed flat for sale,2,1,"['0.3 miles Knightsbridge', '0.5 miles South Kensington']",[]
19,"£500,000",Studio for sale,0,1,['0.4 miles South Kensington'],['0.4 miles Cadogan Pier']
20,"£725,000",1 bed flat for sale,1,1,"['0.3 miles South Kensington', '0.5 miles Sloane Square']",[]
21,"£995,000",1 bed flat for sale,1,1,"['0.3 miles Knightsbridge', '0.5 miles Sloane Square']",[]
22,"£825,000",2 bed flat for sale,2,1,"['0.3 miles South Kensington', '0.5 miles Sloane Square']",[]
23,"£3,250,000",2 bed flat for sale,2,3,"['0.2 miles South Kensington', '0.5 miles Knightsbridge']",[]
24,"£1,350,000",2 bed flat for sale,2,2,['0.6 miles South Kensington'],['0.4 miles Cadogan Pier']
25,"£1,350,000",2 bed flat for sale,2,2,['0.6 miles South Kensington'],['0.4 miles Cadogan Pier']
26,"£1,200,000",2 bed flat for sale,2,2,['0.6 miles Gloucester Road'],['0.6 miles Cadogan Pier']
27,"£17,500,000",6 bed property for sale,6,0,['0.5 miles South Kensington'],['0.4 miles Cadogan Pier']
28,"£370,000",1 bed flat for sale,1,1,['0.6 miles South Kensington'],['0.3 miles Cadogan Pier']
29,"£895,000",2 bed flat for sale,2,1,"['0.2 miles South Kensington', '0.5 miles Knightsbridge']",[]
30,"£1,125,000",1 bed flat for sale,1,1,['0.5 miles Sloane Square'],['0.3 miles Cadogan Pier']
31,"£3,000,000",2 bed flat for sale,2,1,"['0.3 miles South Kensington', '0.4 miles Knightsbridge']",[]
32,"£1,100,000",2 bed flat for sale,2,1,['0.4 miles South Kensington'],['0.4 miles Cadogan Pier']
33,"£3,950,000",2 bed flat for sale,2,2,"['0.2 miles Sloane Square', '0.5 miles Knightsbridge']",[]
34,"£675,000",1 bed flat for sale,1,1,"['0.4 miles Sloane Square', '0.4 miles South Kensington']",[]
35,"£250,000",Parking/garage for sale,0,0,"['0.2 miles Knightsbridge', '0.5 miles Sloane Square']",[]
36,"£2,000,000",3 bed houseboat for sale,3,3,['0.8 miles Sloane Square'],['0 miles Cadogan Pier']
37,"£2,800,000",2 bed flat for sale,2,3,['0.2 miles Sloane Square'],['0.6 miles Cadogan Pier']
38,"£3,500,000",4 bed property for sale,4,2,"['0.4 miles South Kensington', '0.5 miles Sloane Square']",[]
39,"£700,000",1 bed flat for sale,1,1,"['0.3 miles South Kensington', '0.5 miles Knightsbridge']",[]
40,"£9,500,000",6 bed property for sale,6,5,"['0.4 miles Sloane Square', '0.4 miles South Kensington']",[]
41,"£9,500,000",6 bed terraced house for sale,6,5,"['0.4 miles Sloane Square', '0.4 miles South Kensington']",[]
42,"£1,195,000",2 bed property for sale,2,2,"['0.2 miles South Kensington', '0.6 miles Sloane Square']",[]
43,"£4,500,000",4 bed town house for sale,4,3,['0.5 miles South Kensington'],['0.4 miles Cadogan Pier']
44,"£700,000",1 bed flat for sale,1,1,"['0.4 miles Sloane Square', '0.4 miles South Kensington']",[]
45,"£3,950,000",2 bed flat for sale,2,2,"['0.2 miles Sloane Square', '0.5 miles Knightsbridge']",[]
46,"£750,000",1 bed flat for sale,1,1,['0.7 miles South Kensington'],['0.2 miles Cadogan Pier']
47,"£725,000",1 bed flat for sale,1,1,"['0.4 miles Sloane Square', '0.4 miles South Kensington']",[]
48,"£550,000",Studio for sale,0,1,"['0.3 miles Sloane Square', '0.5 miles South Kensington']",[]
49,"£675,000",2 bed flat for sale,2,1,['0.6 miles South Kensington'],['0.3 miles Cadogan Pier']
50,"£845,000",2 bed flat for sale,2,1,['0.6 miles South Kensington'],['0.2 miles Cadogan Pier']
51,"£699,995",2 bed flat for sale,2,1,['0.6 miles South Kensington'],['0.4 miles Cadogan Pier']
52,"£2,800,000",3 bed flat for sale,3,2,['0.6 miles South Kensington'],['0.3 miles Cadogan Pier']
53,"£575,000",Studio for sale,0,1,"['0.3 miles Sloane Square', '0.4 miles South Kensington']",[]
54,"£950,000",4 bed flat for sale,4,1,"['0.3 miles Sloane Square', '0.4 miles South Kensington']",[]
55,"£9,950,000",3 bed maisonette for sale,3,3,"['0.4 miles South Kensington', '0.4 miles Knightsbridge']",[]
56,"£12,750,000",6 bed end terrace house for sale,6,5,"['0.3 miles South Kensington', '0.5 miles Sloane Square']",[]
57,"£1,750,000",4 bed flat for sale,4,3,[],"['0.4 miles Cadogan Pier', '0.7 miles Chelsea Harbour Pier']"
58,"£650,000",1 bed flat for sale,1,1,"['0.3 miles Sloane Square', '0.4 miles South Kensington']",[]
59,"£550,000",1 bed flat for sale,1,1,['0.5 miles South Kensington'],['0.3 miles Cadogan Pier']
60,"£575,000",Studio for sale,0,1,"['0.4 miles Sloane Square', '0.4 miles South Kensington']",[]
61,"£1,275,000",1 bed flat for sale,1,1,"['0.3 miles Knightsbridge', '0.5 miles South Kensington']",[]
62,"£845,000",Studio for sale,0,1,"['0.3 miles Knightsbridge', '0.5 miles South Kensington']",[]
63,"£700,000",1 bed flat for sale,1,1,"['0.4 miles Sloane Square', '0.5 miles South Kensington']",[]
64,"£565,000",1 bed flat for sale,1,1,['0.7 miles South Kensington'],['0.4 miles Cadogan Pier']
65,"£565,000",1 bed flat for sale,1,1,['0.7 miles South Kensington'],['0.5 miles Cadogan Pier']
66,"£1,600,000",2 bed flat for sale,2,2,"['0.2 miles Knightsbridge', '0.5 miles Hyde Park Corner']",[]
67,"£1,050,000",1 bed flat for sale,1,1,['0.6 miles South Kensington'],['0.3 miles Cadogan Pier']
68,"£725,000",2 bed property for sale,2,1,"['0.3 miles South Kensington', '0.5 miles Sloane Square']",[]
69,"£2,500,000",4 bed flat for sale,4,3,"['0.2 miles Knightsbridge', '0.5 miles Hyde Park Corner']",[]
70,"£21,000,000",5 bed semi-detached house for sale,5,4,['0.5 miles South Kensington'],['0.4 miles Cadogan Pier']
71,"£565,000",1 bed flat for sale,1,1,['0.7 miles South Kensington'],['0.5 miles Cadogan Pier']
72,"£395,000",1 bed flat for sale,1,1,"['0.4 miles South Kensington', '0.4 miles Sloane Square']",[]
73,"£670,000",1 bed flat for sale,1,1,[],"['0.3 miles Cadogan Pier', '0.7 miles Chelsea Harbour Pier']"
74,"£785,000",Studio for sale,1,1,['0.4 miles South Kensington'],['0.4 miles Cadogan Pier']
75,"£3,650,000",4 bed flat for sale,4,4,['0.6 miles South Kensington'],['0.3 miles Cadogan Pier']
76,"£1,600,000",2 bed flat for sale,2,0,['0.6 miles South Kensington'],['0.3 miles Cadogan Pier']
77,"£1,725,000",2 bed flat for sale,2,0,['0.6 miles South Kensington'],['0.3 miles Cadogan Pier']
78,"£895,000",1 bed flat for sale,1,1,"['0.6 miles Gloucester Road', '0.6 miles South Kensington']",[]
79,"£695,000",1 bed flat for sale,1,1,['0.5 miles Sloane Square'],['0.2 miles Cadogan Pier']
80,"£965,000",1 bed property for sale,1,1,"['0.3 miles South Kensington', '0.5 miles Sloane Square']",[]
81,"£5,350,000",5 bed terraced house for sale,5,4,['0.3 miles Sloane Square'],['0.5 miles Cadogan Pier']
82,"£2,950,000",3 bed property for sale,3,2,['0.7 miles South Kensington'],['0.5 miles Cadogan Pier']
83,"£6,000,000",4 bed terraced house for sale,4,4,['0.4 miles South Kensington'],['0.4 miles Cadogan Pier']
84,"£620,000",1 bed flat for sale,1,1,"['0.4 miles Sloane Square', '0.4 miles South Kensington']",[]
85,"£700,000",1 bed flat for sale,1,1,"['0.3 miles Knightsbridge', '0.5 miles Sloane Square']",[]
86,"£950,000",1 bed flat for sale,1,1,['0.2 miles Sloane Square'],['0.6 miles Cadogan Pier']
87,"£275,000",Studio for sale,0,1,['0.5 miles Sloane Square'],['0.3 miles Cadogan Pier']
88,"£1,195,000",2 bed flat for sale,2,1,['0.6 miles South Kensington'],['0.5 miles Cadogan Pier']
89,"£895,000",2 bed flat for sale,2,0,"['0.2 miles South Kensington', '0.5 miles Knightsbridge']",[]
90,"£540,000",1 bed flat for sale,1,1,"['0.3 miles South Kensington', '0.5 miles Sloane Square']",[]
91,"£2,750,000",3 bed terraced house for sale,3,3,['0.5 miles South Kensington'],['0.4 miles Cadogan Pier']
92,"£650,000",1 bed flat for sale,1,1,"['0.4 miles Sloane Square', '0.4 miles South Kensington']",[]
93,"£699,950",1 bed flat for sale,1,1,"['0.4 miles Sloane Square', '0.4 miles South Kensington']",[]
94,"£500,000",Studio for sale,0,1,"['0.3 miles South Kensington', '0.5 miles Sloane Square']",[]
95,"£895,000",1 bed flat for sale,1,1,['0.8 miles South Kensington'],['0.1 miles Cadogan Pier']
96,"£1,295,000",1 bed flat for sale,1,1,['0.4 miles Sloane Square'],['0.3 miles Cadogan Pier']
97,"£4,500,000",4 bed terraced house for sale,4,3,['0.5 miles South Kensington'],['0.4 miles Cadogan Pier']
98,"£2,350,000",2 bed flat for sale,2,0,['0.6 miles South Kensington'],['0.2 miles Cadogan Pier']
99,"£735,000",1 bed flat for sale,1,1,['0.5 miles South Kensington'],['0.3 miles Cadogan Pier']
100,"£1,750,000",3 bed flat for sale,3,2,['0.4 miles South Kensington'],['0.4 miles Cadogan Pier']
101,"£980,000",1 bed flat for sale,1,1,['0.5 miles Sloane Square'],['0.4 miles Cadogan Pier']
102,"£525,000",Studio for sale,0,1,"['0.3 miles Sloane Square', '0.4 miles South Kensington']",[]
103,"£1,925,000",2 bed flat for sale,2,2,"['0.3 miles Knightsbridge', '0.5 miles Sloane Square']",[]
104,"£1,895,000",3 bed flat for sale,3,2,"['0.3 miles Sloane Square', '0.5 miles South Kensington']",[]
105,"£325,000",Studio for sale,0,1,"['0.3 miles South Kensington', '0.5 miles Sloane Square']",[]
106,"£1,200,000",2 bed flat for sale,2,1,['0.6 miles Sloane Square'],['0.1 miles Cadogan Pier']
107,"£1,695,000",2 bed flat for sale,2,2,"['0.2 miles Sloane Square', '0.6 miles South Kensington']",[]
108,"£1,250,000",2 bed flat for sale,2,1,"['0.2 miles South Kensington', '0.5 miles Gloucester Road']",[]
109,"£525,000",1 bed flat for sale,1,1,['0.4 miles Sloane Square'],['0.3 miles Cadogan Pier']
110,"£1,500,000",2 bed flat for sale,2,2,['0.6 miles South Kensington'],['0.2 miles Cadogan Pier']
111,"£1,925,000",2 bed flat for sale,2,2,"['0.2 miles Knightsbridge', '0.5 miles Sloane Square']",[]
112,"£1,295,000",2 bed flat for sale,2,2,"['0.3 miles South Kensington', '0.5 miles Sloane Square']",[]
113,"£850,000",2 bed flat for sale,2,1,"['0.2 miles South Kensington', '0.5 miles Gloucester Road']",[]
114,"£4,500,000",4 bed terraced house for sale,4,4,['0.5 miles South Kensington'],['0.4 miles Cadogan Pier']
115,"£695,000",1 bed flat for sale,1,1,['0.5 miles South Kensington'],['0.4 miles Cadogan Pier']
116,"£2,850,000",3 bed terraced house for sale,3,2,['0.4 miles Sloane Square'],['0.5 miles Cadogan Pier']
117,"£825,000",1 bed flat for sale,1,1,"['0.3 miles Knightsbridge', '0.5 miles Sloane Square']",[]
118,"£1,695,000",2 bed flat for sale,2,2,"['0.2 miles Sloane Square', '0.6 miles South Kensington']",[]
119,"£9,250,000",5 bed terraced house for sale,5,5,['0.5 miles South Kensington'],['0.4 miles Cadogan Pier']
120,"£1,000,000",2 bed flat for sale,2,1,"['0.3 miles South Kensington', '0.5 miles Sloane Square']",[]
121,"£1,850,000",2 bed flat for sale,2,2,"['0.4 miles Sloane Square', '0.4 miles South Kensington']",[]
122,"£9,250,000",6 bed detached house for sale,6,5,['0.5 miles South Kensington'],['0.4 miles Cadogan Pier']
123,"£9,250,000",6 bed semi-detached house for sale,6,4,['0.5 miles South Kensington'],['0.4 miles Cadogan Pier']
124,"£975,000",2 bed flat for sale,2,1,[],['0.5 miles Cadogan Pier']
125,"£4,500,000",4 bed property for sale,4,2,['0.5 miles South Kensington'],['0.4 miles Cadogan Pier']
126,"£1,595,000",1 bed flat for sale,1,1,"['0.3 miles Knightsbridge', '0.5 miles South Kensington']",[]
127,"£5,000,000",4 bed terraced house for sale,4,3,['0.5 miles Sloane Square'],['0.3 miles Cadogan Pier']
128,"£750,000",1 bed flat for sale,1,1,['0.7 miles South Kensington'],['0.1 miles Cadogan Pier']
129,"£1,450,000",2 bed flat for sale,2,2,['0.5 miles Sloane Square'],['0.4 miles Cadogan Pier']
130,"£530,000",1 bed flat for sale,1,1,"['0.3 miles South Kensington', '0.5 miles Sloane Square']",[]
131,"£2,950,000",3 bed terraced house for sale,3,3,"['0.3 miles South Kensington', '0.5 miles Sloane Square']",[]
132,"£2,600,000",3 bed flat for sale,3,2,['0.4 miles Sloane Square'],['0.3 miles Cadogan Pier']
133,"£3,000,000",3 bed flat for sale,3,3,['0.4 miles Sloane Square'],['0.3 miles Cadogan Pier']
134,"£1,695,000",2 bed flat for sale,2,2,['0.4 miles Sloane Square'],['0.3 miles Cadogan Pier']
135,"£1,650,000",2 bed flat for sale,2,1,['0.6 miles Sloane Square'],['0.2 miles Cadogan Pier']
136,"£1,250,000",2 bed flat for sale,2,2,['0.2 miles Sloane Square'],['0.6 miles Cadogan Pier']
137,"£1,750,000",2 bed flat for sale,2,1,"['0.4 miles Knightsbridge', '0.4 miles South Kensington']",[]
138,"£825,000",2 bed flat for sale,2,1,['0.6 miles South Kensington'],['0.2 miles Cadogan Pier']
139,"£1,695,000",2 bed flat for sale,2,2,['0.4 miles Sloane Square'],['0.3 miles Cadogan Pier']
140,"£3,000,000",3 bed flat for sale,3,2,['0.4 miles Sloane Square'],['0.3 miles Cadogan Pier']
141,"£2,600,000",3 bed flat for sale,3,3,['0.4 miles Sloane Square'],['0.3 miles Cadogan Pier']
142,"£560,000",1 bed flat for sale,1,1,"['0.3 miles South Kensington', '0.5 miles Sloane Square']",[]
143,"£4,250,000",4 bed terraced house for sale,4,3,"['0.4 miles Sloane Square', '0.5 miles South Kensington']",[]
144,"£2,500,000",3 bed terraced house for sale,3,3,['0.4 miles Sloane Square'],['0.4 miles Cadogan Pier']
145,"£4,650,000",4 bed flat for sale,4,3,['0.5 miles South Kensington'],['0.5 miles Cadogan Pier']
146,"£4,500,000",4 bed terraced house for sale,4,2,"['0.3 miles Sloane Square', '0.5 miles South Kensington']",[]
147,"£550,000",1 bed flat for sale,1,1,"['0.3 miles Sloane Square', '0.4 miles South Kensington']",[]
148,"£750,000",1 bed flat for sale,1,1,['0.5 miles South Kensington'],['0.5 miles Cadogan Pier']
149,"£1,150,000",2 bed flat for sale,2,1,[],"['0.3 miles Cadogan Pier', '0.7 miles Chelsea Harbour Pier']"
150,"£12,950,000",6 bed semi-detached house for sale,6,6,['0.6 miles South Kensington'],['0.5 miles Cadogan Pier']
151,"£4,650,000",5 bed terraced house for sale,5,3,['0.5 miles South Kensington'],['0.6 miles Cadogan Pier']
152,"£1,850,000",2 bed flat for sale,2,0,"['0.3 miles South Kensington', '0.5 miles Knightsbridge']",[]
153,"£1,325,000",2 bed flat for sale,2,1,"['0.4 miles Knightsbridge', '0.5 miles South Kensington']",[]
154,"£1,600,000",2 bed flat for sale,2,2,"['0.3 miles South Kensington', '0.5 miles Knightsbridge']",[]
155,"£1,695,000",2 bed flat for sale,2,2,"['0.2 miles Knightsbridge', '0.5 miles Hyde Park Corner']",[]
156,"£1,550,000",2 bed flat for sale,2,2,['0.2 miles Sloane Square'],['0.6 miles Cadogan Pier']
157,"£750,000",1 bed flat for sale,1,1,"['0.4 miles Sloane Square', '0.4 miles South Kensington']",[]
158,"£7,750,000",3 bed flat for sale,3,3,"['0.1 miles Knightsbridge', '0.4 miles Hyde Park Corner']",[]
159,"£1,350,000",2 bed flat for sale,2,0,"['0.2 miles South Kensington', '0.6 miles Gloucester Road']",[]
160,"£500,000",Studio for sale,0,1,"['0.4 miles Sloane Square', '0.4 miles South Kensington']",[]
161,"£650,000",1 bed flat for sale,1,1,"['0.4 miles Sloane Square', '0.4 miles South Kensington']",[]
162,"£2,100,000",2 bed flat for sale,2,0,"['0.3 miles South Kensington', '0.5 miles Knightsbridge']",[]
163,"£4,650,000",5 bed terraced house for sale,5,3,['0.6 miles Sloane Square'],['0.2 miles Cadogan Pier']
164,"£490,000",Studio for sale,0,1,"['0.4 miles Sloane Square', '0.4 miles South Kensington']",[]
165,"£1,195,000",1 bed flat for sale,1,1,"['0.2 miles Sloane Square', '0.6 miles South Kensington']",[]
166,"£1,750,000",2 bed flat for sale,2,2,"['0.2 miles Sloane Square', '0.6 miles South Kensington']",[]
167,"£1,550,000",2 bed flat for sale,2,2,['0.2 miles Sloane Square'],['0.6 miles Cadogan Pier']
168,"£1,625,000",2 bed flat for sale,2,2,['0.5 miles Sloane Square'],['0.2 miles Cadogan Pier']
169,"£1,300,000",2 bed flat for sale,2,1,['0.2 miles Sloane Square'],['0.6 miles Cadogan Pier']
170,"£5,350,000",4 bed terraced house for sale,4,3,['0.6 miles South Kensington'],['0.6 miles Cadogan Pier']
171,"£4,500,000",4 bed terraced house for sale,4,2,['0.6 miles South Kensington'],['0.2 miles Cadogan Pier']
172,"£1,595,000",2 bed flat for sale,2,2,['0.6 miles Sloane Square'],['0.2 miles Cadogan Pier']
173,"£2,000,000",1 bed flat for sale,1,1,"['0.3 miles South Kensington', '0.5 miles Knightsbridge']",[]
174,"£340,000",Studio for sale,0,0,"['0.3 miles South Kensington', '0.5 miles Sloane Square']",[]
175,"£4,150,000",3 bed town house for sale,3,4,"['0.4 miles South Kensington', '0.4 miles Knightsbridge']",[]
176,"£300,000",Studio for sale,0,1,"['0.3 miles South Kensington', '0.5 miles Sloane Square']",[]
177,"£570,000",1 bed flat for sale,1,1,['0.5 miles South Kensington'],['0.3 miles Cadogan Pier']
178,"£825,000",1 bed flat for sale,1,1,['0.5 miles South Kensington'],['0.3 miles Cadogan Pier']
179,"£3,500,000",3 bed flat for sale,3,2,"['0.2 miles Sloane Square', '0.6 miles South Kensington']",[]
180,"£650,000",Studio for sale,0,1,"['0.4 miles Sloane Square', '0.4 miles South Kensington']",[]
181,"£550,000",Studio for sale,0,1,['0.4 miles South Kensington'],['0.4 miles Cadogan Pier']
182,"£1,395,000",2 bed flat for sale,2,0,['0.6 miles South Kensington'],['0.3 miles Cadogan Pier']
183,"£4,250,000",3 bed terraced house for sale,3,2,['0.3 miles Sloane Square'],['0.5 miles Cadogan Pier']
184,"£4,500,000",2 bed flat for sale,2,2,"['0.1 miles Knightsbridge', '0.4 miles Hyde Park Corner']",[]
185,"£1,195,000",1 bed flat for sale,1,2,"['0.2 miles Sloane Square', '0.6 miles South Kensington']",[]
186,"£695,000",1 bed flat for sale,1,1,"['0.4 miles Sloane Square', '0.4 miles South Kensington']",[]
187,"£695,000",1 bed flat for sale,1,1,"['0.4 miles Sloane Square', '0.4 miles South Kensington']",[]
188,"£3,000,000",3 bed maisonette for sale,3,3,"['0.3 miles South Kensington', '0.5 miles Sloane Square']",[]
189,"£3,250,000",4 bed flat for sale,4,3,"['0.4 miles South Kensington', '0.5 miles Sloane Square']",[]
190,"£575,000",Studio for sale,0,1,"['0.3 miles Sloane Square', '0.5 miles South Kensington']",[]
191,"£445,000",Studio for sale,0,1,"['0.3 miles South Kensington', '0.5 miles Sloane Square']",[]
192,"£1,350,000",2 bed flat for sale,2,1,"['0.4 miles South Kensington', '0.4 miles Sloane Square']",[]
193,"£765,000",1 bed flat for sale,1,1,"['0.2 miles South Kensington', '0.5 miles Knightsbridge']",[]
194,"£1,250,000",2 bed flat for sale,2,1,"['0.2 miles South Kensington', '0.5 miles Gloucester Road']",[]
195,"£3,250,000",3 bed terraced house for sale,3,3,"['0.4 miles Sloane Square', '0.4 miles South Kensington']",[]
196,"£1,325,000",2 bed flat for sale,2,2,"['0.2 miles South Kensington', '0.6 miles Gloucester Road']",[]
197,"£3,550,000",3 bed terraced house for sale,3,3,['0.4 miles Sloane Square'],['0.4 miles Cadogan Pier']
198,"£6,800,000",3 bed terraced house for sale,3,3,['0.6 miles South Kensington'],['0.2 miles Cadogan Pier']
199,"£5,750,000",5 bed terraced house for sale,5,4,"['0.3 miles South Kensington', '0.5 miles Sloane Square']",[]
200,"£1,100,000",1 bed flat for sale,1,1,['0.4 miles South Kensington'],['0.4 miles Cadogan Pier']
201,"£5,750,000",5 bed terraced house for sale,5,4,['0.4 miles Sloane Square'],['0.4 miles Cadogan Pier']
202,"£3,650,000",4 bed town house for sale,4,3,['0.5 miles South Kensington'],['0.3 miles Cadogan Pier']
203,"£1,400,000",2 bed flat for sale,2,2,"['0.2 miles Knightsbridge', '0.5 miles Hyde Park Corner']",[]
204,"£1,600,000",3 bed flat for sale,3,2,"['0.1 miles Knightsbridge', '0.4 miles Hyde Park Corner']",[]
205,"£4,000,000",3 bed mews house for sale,3,3,['0.5 miles South Kensington'],['0.5 miles Cadogan Pier']
206,"£1,599,000",2 bed flat for sale,2,2,"['0.2 miles South Kensington', '0.5 miles Sloane Square']",[]
207,"£1,750,000",2 bed flat for sale,2,2,['0.5 miles Sloane Square'],['0.4 miles Cadogan Pier']
208,"£695,000",1 bed flat for sale,1,1,"['0.4 miles Sloane Square', '0.4 miles South Kensington']",[]
209,"£275,000",Studio for sale,0,1,"['0.3 miles South Kensington', '0.5 miles Sloane Square']",[]
210,"£475,000",Studio for sale,0,1,"['0.3 miles Sloane Square', '0.5 miles South Kensington']",[]
211,"£575,000",1 bed flat for sale,1,1,['0.4 miles South Kensington'],['0.4 miles Cadogan Pier']
212,"£12,950,000",5 bed terraced house for sale,5,5,"['0.3 miles Sloane Square', '0.5 miles South Kensington']",[]
213,"£995,000",2 bed flat for sale,2,2,['0.5 miles South Kensington'],['0.3 miles Cadogan Pier']
214,"£9,500,000",4 bed flat for sale,4,4,['0.5 miles South Kensington'],['0.4 miles Cadogan Pier']
215,"£5,950,000",4 bed flat for sale,4,3,"['0.2 miles Sloane Square', '0.5 miles Knightsbridge']",[]
216,"£595,000",1 bed flat for sale,1,1,"['0.3 miles Sloane Square', '0.5 miles South Kensington']",[]
217,"£4,250,000",4 bed terraced house for sale,4,2,['0.5 miles Sloane Square'],['0.3 miles Cadogan Pier']
218,"£1,150,000",1 bed flat for sale,1,1,['0.5 miles Sloane Square'],['0.3 miles Cadogan Pier']
219,"£7,850,000",4 bed property for sale,4,4,['0.6 miles South Kensington'],['0.3 miles Cadogan Pier']
220,"£925,000",2 bed flat for sale,2,1,['0.7 miles South Kensington'],['0.2 miles Cadogan Pier']
221,"£845,000",2 bed flat for sale,2,1,['0.6 miles South Kensington'],['0.2 miles Cadogan Pier']
222,"£1,575,000",2 bed flat for sale,2,2,"['0.4 miles Sloane Square', '0.4 miles South Kensington']",[]
223,"£895,000",1 bed flat for sale,1,1,"['0.2 miles South Kensington', '0.5 miles Gloucester Road']",[]
224,"£500,000",1 bed flat for sale,1,1,"['0.3 miles South Kensington', '0.5 miles Sloane Square']",[]
225,"£850,000",3 bed flat for sale,3,1,"['0.3 miles Sloane Square', '0.4 miles South Kensington']",[]
226,"£875,000",1 bed flat for sale,1,1,['0.2 miles Sloane Square'],['0.6 miles Cadogan Pier']
227,"£1,695,000",2 bed flat for sale,2,2,['0.7 miles South Kensington'],['0.1 miles Cadogan Pier']
228,"£1,295,000",2 bed flat for sale,2,1,['0.2 miles Sloane Square'],['0.5 miles Cadogan Pier']
229,"£3,000,000",5 bed flat for sale,5,4,"['0.2 miles Knightsbridge', '0.5 miles Hyde Park Corner']",[]
230,"£995,000",2 bed flat for sale,2,2,"['0.2 miles South Kensington', '0.6 miles Sloane Square']",[]
231,"£7,750,000",6 bed terraced house for sale,6,4,['0.6 miles Sloane Square'],['0.2 miles Cadogan Pier']
232,"£3,150,000",4 bed flat for sale,4,4,['0.6 miles Sloane Square'],['0.1 miles Cadogan Pier']
233,"£625,000",1 bed flat for sale,1,0,['0.4 miles South Kensington'],['0.4 miles Cadogan Pier']
234,"£4,450,000",5 bed terraced house for sale,5,3,['0.4 miles Sloane Square'],['0.3 miles Cadogan Pier']
235,"£7,250,000",5 bed semi-detached house for sale,5,3,['0.5 miles South Kensington'],['0.4 miles Cadogan Pier']
236,"£995,000",2 bed flat for sale,2,2,"['0.2 miles South Kensington', '0.6 miles Sloane Square']",[]
237,"£3,250,000",3 bed detached house for sale,3,3,['0.7 miles South Kensington'],['0.2 miles Cadogan Pier']
238,"£3,850,000",3 bed terraced house for sale,3,3,['0.5 miles Sloane Square'],['0.3 miles Cadogan Pier']
239,"£1,275,000",3 bed flat for sale,3,1,"['0.2 miles South Kensington', '0.6 miles Gloucester Road']",[]
240,"£260,000",Studio for sale,0,1,"['0.3 miles South Kensington', '0.4 miles Sloane Square']",[]
241,"£330,000",Studio for sale,0,1,"['0.3 miles South Kensington', '0.5 miles Sloane Square']",[]
242,"£325,000",Studio for sale,0,1,"['0.3 miles South Kensington', '0.5 miles Sloane Square']",[]
243,"£3,950,000",3 bed terraced house for sale,3,3,['0.4 miles South Kensington'],['0.5 miles Cadogan Pier']
244,"£6,950,000",5 bed semi-detached house for sale,5,2,['0.5 miles South Kensington'],['0.4 miles Cadogan Pier']
245,"£995,000",1 bed flat for sale,1,1,"['0.2 miles South Kensington', '0.5 miles Sloane Square']",[]
246,"£895,000",1 bed flat for sale,1,0,['0.6 miles South Kensington'],['0.2 miles Cadogan Pier']
247,"£1,650,000",2 bed maisonette for sale,2,2,['0.6 miles Sloane Square'],['0.2 miles Cadogan Pier']
248,"£950,000",1 bed flat for sale,1,1,"['0.3 miles South Kensington', '0.5 miles Sloane Square']",[]
249,"£850,000",1 bed flat for sale,1,1,"['0.4 miles Sloane Square', '0.4 miles South Kensington']",[]
250,"£1,595,000",2 bed flat for sale,2,1,"['0.4 miles South Kensington', '0.4 miles Sloane Square']",[]
251,"£1,325,000",2 bed flat for sale,2,2,"['0.2 miles South Kensington', '0.6 miles Gloucester Road']",[]
252,"£485,000",1 bed flat for sale,1,1,['0.7 miles South Kensington'],['0.4 miles Cadogan Pier']
253,"£7,250,000",5 bed semi-detached house for sale,5,3,['0.5 miles South Kensington'],['0.4 miles Cadogan Pier']
254,"£725,000",2 bed flat for sale,2,2,['0.8 miles South Kensington'],['0.1 miles Cadogan Pier']
255,"£2,000,000",2 bed flat for sale,2,2,['0.5 miles Sloane Square'],['0.4 miles Cadogan Pier']
256,"£1,195,000",2 bed flat for sale,2,2,['0.5 miles Sloane Square'],['0.3 miles Cadogan Pier']
257,"£485,000",1 bed flat for sale,1,1,['0.7 miles South Kensington'],['0.4 miles Cadogan Pier']
258,"£3,250,000",4 bed terraced house for sale,4,4,"['0.4 miles Sloane Square', '0.4 miles South Kensington']",[]
259,"£895,000",1 bed flat for sale,1,1,['0.6 miles South Kensington'],['0.2 miles Cadogan Pier']
260,"£1,200,000",2 bed flat for sale,2,2,"['0.2 miles South Kensington', '0.6 miles Sloane Square']",[]
261,"£260,000",Studio for sale,0,0,"['0.3 miles South Kensington', '0.5 miles Sloane Square']",[]
262,"£2,200,000",3 bed terraced house for sale,3,2,"['0.3 miles South Kensington', '0.5 miles Sloane Square']",[]
263,"£1,400,000",2 bed flat for sale,2,2,"['0.2 miles Knightsbridge', '0.5 miles Hyde Park Corner']",[]
264,"£3,875,000",4 bed property for sale,4,3,['0.5 miles Sloane Square'],['0.3 miles Cadogan Pier']
265,"£3,850,000",4 bed terraced house for sale,4,3,['0.6 miles Sloane Square'],['0.3 miles Cadogan Pier']
266,"£400,000",Studio for sale,0,1,"['0.3 miles South Kensington', '0.5 miles Sloane Square']",[]
267,"£1,600,000",3 bed flat for sale,3,2,"['0.2 miles Knightsbridge', '0.5 miles Hyde Park Corner']",[]
268,"£2,950,000",2 bed flat for sale,2,0,['0.5 miles Sloane Square'],['0.2 miles Cadogan Pier']
269,"£3,850,000",4 bed terraced house for sale,4,3,['0.6 miles Sloane Square'],['0.3 miles Cadogan Pier']
270,"£1,400,000",2 bed flat for sale,2,2,['0.6 miles South Kensington'],['0.3 miles Cadogan Pier']
271,"£1,675,000",3 bed flat for sale,3,2,"['0.6 miles Gloucester Road', '0.6 miles South Kensington']",[]
272,"£650,000",1 bed flat for sale,1,1,['0.7 miles Sloane Square'],['0.1 miles Cadogan Pier']
273,"£565,000",Studio for sale,0,0,"['0.4 miles South Kensington', '0.4 miles Sloane Square']",[]
274,"£1,675,000",3 bed flat for sale,3,2,"['0.6 miles Gloucester Road', '0.6 miles South Kensington']",[]
275,"£3,250,000",4 bed terraced house for sale,4,4,"['0.4 miles Sloane Square', '0.5 miles South Kensington']",[]
276,"£3,500,000",3 bed detached house for sale,3,3,['0.6 miles South Kensington'],['0.2 miles Cadogan Pier']
277,"£1,100,000",1 bed flat for sale,1,0,['0.5 miles Sloane Square'],['0.2 miles Cadogan Pier']
278,"£340,000",Studio for sale,0,1,"['0.1 miles Knightsbridge', '0.4 miles Hyde Park Corner']",[]
279,"£825,000",2 bed flat for sale,2,2,"['0.3 miles South Kensington', '0.5 miles Sloane Square']",[]
280,"£995,000",2 bed flat for sale,2,1,"['0.3 miles Knightsbridge', '0.5 miles South Kensington']",[]
281,"£13,950,000",6 bed terraced house for sale,6,7,['0.4 miles South Kensington'],['0.5 miles Cadogan Pier']
282,"£515,000",1 bed flat for sale,1,1,"['0.3 miles Sloane Square', '0.5 miles South Kensington']",[]
283,"£2,950,000",3 bed terraced house for sale,3,3,"['0.3 miles South Kensington', '0.5 miles Sloane Square']",[]
284,"£2,795,000",2 bed terraced house for sale,2,3,"['0.3 miles Sloane Square', '0.5 miles South Kensington']",[]
285,"£6,250,000",4 bed terraced house for sale,4,0,"['0.4 miles South Kensington', '0.4 miles Sloane Square']",[]
286,"£11,950,000",5 bed terraced house for sale,5,3,"['0.3 miles South Kensington', '0.5 miles Knightsbridge']",[]
287,"£2,500,000",2 bed flat for sale,2,2,"['0.3 miles South Kensington', '0.5 miles Knightsbridge']",[]
288,"£1,300,000",2 bed flat for sale,2,1,['0.6 miles South Kensington'],['0.2 miles Cadogan Pier']
289,"£595,000",1 bed flat for sale,1,1,['0.2 miles Sloane Square'],['0.6 miles Cadogan Pier']
290,"£950,000",1 bed flat for sale,1,1,['0.2 miles Sloane Square'],['0.6 miles Cadogan Pier']
291,POA,3 bed houseboat for sale,3,1,['0.8 miles Sloane Square'],['0 miles Cadogan Pier']
292,"£585,000",1 bed flat for sale,1,1,"['0.4 miles Sloane Square', '0.4 miles South Kensington']",[]
293,"£1,300,000",2 bed flat for sale,2,2,['0.6 miles South Kensington'],['0.2 miles Cadogan Pier']
294,"£550,000",Studio for sale,0,0,"['0.3 miles South Kensington', '0.5 miles Sloane Square']",[]
295,"£1,595,000",2 bed flat for sale,2,2,"['0.3 miles South Kensington', '0.4 miles Knightsbridge']",[]
296,"£950,000",2 bed flat for sale,2,1,['0.7 miles South Kensington'],['0.2 miles Cadogan Pier']
297,"£1,200,000",1 bed flat for sale,1,1,['0.5 miles South Kensington'],['0.3 miles Cadogan Pier']
298,"£2,180,000",3 bed flat for sale,3,2,['0.7 miles South Kensington'],['0.1 miles Cadogan Pier']
299,"£4,500,000",5 bed terraced house for sale,5,3,"['0.3 miles Sloane Square', '0.5 miles South Kensington']",[]
300,"£2,180,000",3 bed flat for sale,3,2,['0.7 miles South Kensington'],['0.1 miles Cadogan Pier']
301,"£12,950,000",6 bed property for sale,6,5,"['0.4 miles Knightsbridge', '0.4 miles South Kensington']",[]
302,"£1,200,000",3 bed flat for sale,3,1,"['0.2 miles South Kensington', '0.6 miles Gloucester Road']",[]
303,"£1,200,000",2 bed flat for sale,2,1,['0.5 miles South Kensington'],['0.5 miles Cadogan Pier']
304,"£2,495,000",3 bed terraced house for sale,3,3,['0.6 miles South Kensington'],['0.3 miles Cadogan Pier']
305,"£315,000",Studio for sale,0,1,"['0.3 miles South Kensington', '0.5 miles Sloane Square']",[]
306,"£6,350,000",4 bed terraced house for sale,4,2,['0.7 miles South Kensington'],['0.3 miles Cadogan Pier']
307,"£6,250,000",5 bed semi-detached house for sale,5,3,['0.5 miles Sloane Square'],['0.3 miles Cadogan Pier']
308,"£1,399,999",2 bed flat for sale,2,2,"['0.3 miles Knightsbridge', '0.5 miles South Kensington']",[]
309,"£895,000",1 bed flat for sale,1,1,['0.6 miles South Kensington'],['0.2 miles Cadogan Pier']
310,"£6,350,000",4 bed terraced house for sale,4,3,['0.7 miles South Kensington'],['0.3 miles Cadogan Pier']
311,"£1,200,000",1 bed flat for sale,1,1,['0.5 miles Sloane Square'],['0.4 miles Cadogan Pier']
312,"£3,750,000",4 bed terraced house for sale,4,2,['0.4 miles South Kensington'],['0.5 miles Cadogan Pier']
313,"£4,950,000",4 bed flat for sale,4,3,"['0.3 miles Sloane Square', '0.5 miles South Kensington']",[]
314,"£1,399,500",2 bed flat for sale,2,2,"['0.3 miles South Kensington', '0.5 miles Sloane Square']",[]
315,"£1,900,000",1 bed flat for sale,1,1,"['0.1 miles Knightsbridge', '0.5 miles Hyde Park Corner']",[]
316,"£750,000",1 bed flat for sale,1,1,['0.4 miles South Kensington'],['0.4 miles Cadogan Pier']
317,"£550,000",Studio for sale,0,1,"['0.3 miles Sloane Square', '0.5 miles South Kensington']",[]
318,"£300,000",Studio for sale,0,1,['0.5 miles Sloane Square'],['0.4 miles Cadogan Pier']
319,"£3,650,000",2 bed terraced house for sale,2,3,"['0.4 miles South Kensington', '0.4 miles Sloane Square']",[]
320,"£590,000",Studio for sale,0,1,['0.5 miles South Kensington'],['0.4 miles Cadogan Pier']
321,"£2,295,000",3 bed houseboat for sale,3,3,['0.6 miles South Kensington'],['0.2 miles Cadogan Pier']
322,"£360,000",Studio for sale,0,1,"['0.3 miles South Kensington', '0.5 miles Sloane Square']",[]
323,"£2,000,000",3 bed flat for sale,3,2,"['0.2 miles Knightsbridge', '0.5 miles Hyde Park Corner']",[]
324,"£5,975,000",3 bed flat for sale,3,2,"['0.1 miles Knightsbridge', '0.4 miles Hyde Park Corner']",[]
325,"£2,200,000",2 bed flat for sale,2,2,"['0.3 miles Knightsbridge', '0.5 miles South Kensington']",[]
326,"£825,000",2 bed flat for sale,2,2,"['0.6 miles Gloucester Road', '0.6 miles South Kensington']",[]
327,"£575,000",1 bed flat for sale,1,1,"['0.4 miles Sloane Square', '0.4 miles South Kensington']",[]
328,"£425,000",Studio for sale,0,1,"['0.3 miles Sloane Square', '0.5 miles South Kensington']",[]
329,"£2,325,000",3 bed flat for sale,3,2,"['0.2 miles Sloane Square', '0.6 miles South Kensington']",[]
330,"£2,700,000",3 bed maisonette for sale,3,2,"['0.3 miles Knightsbridge', '0.5 miles Sloane Square']",[]
331,"£600,000",Studio for sale,0,1,"['0.4 miles Sloane Square', '0.4 miles South Kensington']",[]
332,"£895,000",2 bed flat for sale,2,0,['0.7 miles South Kensington'],['0.2 miles Cadogan Pier']
333,"£575,000",Studio for sale,0,1,['0.6 miles Sloane Square'],['0.3 miles Cadogan Pier']
334,"£1,700,000",2 bed flat for sale,2,1,['0.5 miles Sloane Square'],['0.3 miles Cadogan Pier']
335,"£2,150,000",2 bed flat for sale,2,2,[],"['0.4 miles Cadogan Pier', '0.7 miles Chelsea Harbour Pier']"
336,"£1,295,000",2 bed flat for sale,2,2,['0.6 miles South Kensington'],['0.2 miles Cadogan Pier']
337,"£550,000",1 bed flat for sale,1,1,['0.5 miles South Kensington'],['0.3 miles Cadogan Pier']
338,"£3,750,000",2 bed flat for sale,2,2,['0.2 miles Sloane Square'],['0.6 miles Cadogan Pier']
339,"£4,500,000",4 bed terraced house for sale,4,3,['0.5 miles South Kensington'],['0.4 miles Cadogan Pier']
340,"£3,950,000",5 bed terraced house for sale,5,4,"['0.2 miles South Kensington', '0.5 miles Gloucester Road']",[]
341,"£750,000",1 bed flat for sale,1,1,['0.6 miles South Kensington'],['0.4 miles Cadogan Pier']
342,"£2,500,000",3 bed flat for sale,3,2,"['0.3 miles Sloane Square', '0.5 miles South Kensington']",[]
343,"£350,000",Studio for sale,0,1,"['0.3 miles South Kensington', '0.5 miles Sloane Square']",[]
344,"£1,395,000",2 bed flat for sale,2,1,"['0.3 miles South Kensington', '0.5 miles Knightsbridge']",[]
345,"£3,850,000",3 bed flat for sale,3,3,"['0.2 miles South Kensington', '0.4 miles Gloucester Road']",[]
346,"£1,200,000",2 bed flat for sale,2,2,['0.6 miles South Kensington'],['0.2 miles Cadogan Pier']
347,"£1,200,000",2 bed flat for sale,2,2,['0.6 miles South Kensington'],['0.2 miles Cadogan Pier']
348,"£2,325,000",3 bed flat for sale,3,2,"['0.2 miles Sloane Square', '0.6 miles South Kensington']",[]
349,"£2,495,000",3 bed terraced house for sale,3,2,['0.4 miles Sloane Square'],['0.5 miles Cadogan Pier']
350,"£4,950,000",3 bed detached house for sale,3,2,['0.6 miles Sloane Square'],['0.3 miles Cadogan Pier']
351,"£1,995,000",3 bed flat for sale,3,2,['0.3 miles Sloane Square'],['0.5 miles Cadogan Pier']
352,"£525,000",1 bed flat for sale,1,1,['0.7 miles South Kensington'],['0.4 miles Cadogan Pier']
353,"£4,500,000",4 bed semi-detached house for sale,4,2,['0.5 miles Sloane Square'],['0.3 miles Cadogan Pier']
354,"£399,950",Studio for sale,0,1,[],"['0.3 miles Cadogan Pier', '0.7 miles Chelsea Harbour Pier']"
355,"£949,999",1 bed flat for sale,1,0,['0.6 miles Gloucester Road'],['0.6 miles Cadogan Pier']
356,"£9,750,000",6 bed terraced house for sale,6,6,['0.5 miles South Kensington'],['0.4 miles Cadogan Pier']
357,"£2,100,000",2 bed flat for sale,2,2,"['0.3 miles Knightsbridge', '0.5 miles Sloane Square']",[]
358,"£4,000,000",3 bed terraced house for sale,3,3,['0.4 miles Sloane Square'],['0.3 miles Cadogan Pier']
359,"£4,000,000",3 bed terraced house for sale,3,3,['0.5 miles Sloane Square'],['0.3 miles Cadogan Pier']
360,"£600,000",Studio for sale,0,1,['0.5 miles South Kensington'],['0.4 miles Cadogan Pier']
361,"£500,000",1 bed flat for sale,1,1,"['0.4 miles South Kensington', '0.4 miles Sloane Square']",[]
362,"£570,000",1 bed flat for sale,1,1,['0.4 miles South Kensington'],['0.4 miles Cadogan Pier']
363,"£1,695,000",3 bed flat for sale,3,2,"['0.6 miles Gloucester Road', '0.6 miles South Kensington']",[]
364,"£1,695,000",2 bed flat for sale,2,2,"['0.6 miles Gloucester Road', '0.6 miles South Kensington']",[]
365,"£1,825,000",2 bed flat for sale,2,2,"['0.3 miles South Kensington', '0.5 miles Knightsbridge']",[]
366,"£12,750,000",6 bed end terrace house for sale,6,4,"['0.3 miles South Kensington', '0.5 miles Sloane Square']",[]
367,"£1,375,000",2 bed flat for sale,2,1,"['0.2 miles South Kensington', '0.5 miles Gloucester Road']",[]
368,"£625,000",1 bed flat for sale,1,1,"['0.3 miles Sloane Square', '0.5 miles South Kensington']",[]
369,"£300,000",Studio for sale,0,1,['0.7 miles South Kensington'],['0.2 miles Cadogan Pier']
370,"£6,750,000",4 bed flat for sale,4,4,"['0.1 miles Knightsbridge', '0.4 miles Hyde Park Corner']",[]
371,"£9,500,000",4 bed terraced house for sale,4,4,"['0.2 miles South Kensington', '0.5 miles Gloucester Road']",[]
372,"£1,950,000",2 bed flat for sale,2,2,"['0.2 miles Sloane Square', '0.6 miles South Kensington']",[]
373,"£5,000,000",5 bed terraced house for sale,5,3,"['0.4 miles Sloane Square', '0.4 miles South Kensington']",[]
374,"£2,550,000",4 bed flat for sale,4,3,['0.7 miles South Kensington'],['0.2 miles Cadogan Pier']
375,"£2,500,000",3 bed flat for sale,3,3,['0.8 miles South Kensington'],['0.1 miles Cadogan Pier']
376,"£2,550,000",4 bed flat for sale,4,4,['0.7 miles South Kensington'],['0.2 miles Cadogan Pier']
377,"£11,700,000",5 bed town house for sale,5,4,['0.4 miles South Kensington'],['0.5 miles Cadogan Pier']
378,"£1,195,000",2 bed flat for sale,2,1,['0.6 miles South Kensington'],['0.5 miles Cadogan Pier']
379,"£1,195,000",2 bed flat for sale,2,1,['0.6 miles South Kensington'],['0.5 miles Cadogan Pier']
380,"£1,395,000",2 bed flat for sale,2,2,['0.5 miles Sloane Square'],['0.4 miles Cadogan Pier']
381,"£675,000",1 bed flat for sale,1,1,[],"['0.4 miles Cadogan Pier', '0.7 miles Chelsea Harbour Pier']"
382,"£1,695,000",2 bed flat for sale,2,2,"['0.2 miles Sloane Square', '0.6 miles South Kensington']",[]
383,"£1,495,000",3 bed flat for sale,3,3,"['0.3 miles South Kensington', '0.5 miles Knightsbridge']",[]
384,"£995,000",2 bed flat for sale,2,1,['0.6 miles Sloane Square'],['0.1 miles Cadogan Pier']
385,"£1,150,000",1 bed flat for sale,1,1,"['0.2 miles Sloane Square', '0.6 miles South Kensington']",[]
386,"£1,650,000",2 bed flat for sale,2,2,"['0.4 miles South Kensington', '0.4 miles Sloane Square']",[]
387,"£2,295,000",2 bed flat for sale,2,1,"['0.1 miles Sloane Square', '0.6 miles South Kensington']",[]
388,"£11,950,000",5 bed semi-detached house for sale,5,4,"['0.3 miles South Kensington', '0.5 miles Gloucester Road']",[]
389,"£585,000",1 bed flat for sale,1,1,['0.5 miles South Kensington'],['0.4 miles Cadogan Pier']
390,"£999,000",2 bed flat for sale,2,1,"['0.3 miles Sloane Square', '0.5 miles South Kensington']",[]
391,"£4,250,000",3 bed terraced house for sale,3,3,['0.5 miles Sloane Square'],['0.2 miles Cadogan Pier']
392,"£14,500,000",6 bed terraced house for sale,6,6,"['0.4 miles Knightsbridge', '0.4 miles South Kensington']",[]
393,"£525,000",Studio for sale,0,1,"['0.4 miles Sloane Square', '0.4 miles South Kensington']",[]
394,"£625,000",Studio for sale,0,0,"['0.1 miles Knightsbridge', '0.4 miles Hyde Park Corner']",[]
395,"£740,000",1 bed flat for sale,1,1,"['0.4 miles Sloane Square', '0.4 miles South Kensington']",[]
396,"£740,000",1 bed flat for sale,1,1,"['0.4 miles Sloane Square', '0.4 miles South Kensington']",[]
397,"£13,950,000",4 bed semi-detached house for sale,4,5,['0.5 miles South Kensington'],['0.4 miles Cadogan Pier']
398,"£2,250,000",3 bed flat for sale,3,3,"['0.2 miles Sloane Square', '0.5 miles South Kensington']",[]
399,"£550,000",Studio for sale,0,1,"['0.4 miles Sloane Square', '0.4 miles South Kensington']",[]
400,"£995,000",2 bed flat for sale,2,1,['0.6 miles South Kensington'],['0.3 miles Cadogan Pier']
401,"£1,450,000",2 bed flat for sale,2,2,['0.5 miles Sloane Square'],['0.4 miles Cadogan Pier']
402,"£399,000",Studio for sale,0,1,"['0.3 miles South Kensington', '0.5 miles Sloane Square']",[]
403,"£850,000",1 bed flat for sale,1,1,"['0.3 miles South Kensington', '0.4 miles Sloane Square']",[]
404,"£995,000",2 bed flat for sale,2,2,"['0.2 miles South Kensington', '0.6 miles Sloane Square']",[]
405,"£795,000",1 bed flat for sale,1,1,['0.5 miles Sloane Square'],['0.3 miles Cadogan Pier']
406,"£2,395,000",2 bed flat for sale,2,2,"['0.2 miles Sloane Square', '0.6 miles South Kensington']",[]
407,"£4,500,000",4 bed terraced house for sale,4,3,['0.5 miles South Kensington'],['0.4 miles Cadogan Pier']
408,"£700,000",1 bed flat for sale,1,1,"['0.4 miles Sloane Square', '0.4 miles South Kensington']",[]
409,"£850,000",1 bed flat for sale,1,1,"['0.3 miles South Kensington', '0.4 miles Sloane Square']",[]
410,"£3,200,000",4 bed terraced house for sale,4,2,"['0.4 miles Sloane Square', '0.4 miles South Kensington']",[]
411,"£5,750,000",6 bed terraced house for sale,6,3,['0.7 miles South Kensington'],['0.2 miles Cadogan Pier']
412,"£1,750,000",2 bed flat for sale,2,2,"['0.2 miles Knightsbridge', '0.5 miles Hyde Park Corner']",[]
413,"£575,000",1 bed flat for sale,1,1,['0.4 miles South Kensington'],['0.4 miles Cadogan Pier']
414,"£675,000",1 bed flat for sale,1,1,['0.4 miles South Kensington'],['0.4 miles Cadogan Pier']
415,"£3,300,000",3 bed flat for sale,3,2,"['0.3 miles Knightsbridge', '0.5 miles Sloane Square']",[]
416,"£485,000",1 bed flat for sale,1,1,"['0.5 miles South Kensington', '0.5 miles Gloucester Road']",[]
417,"£2,500,000",3 bed flat for sale,3,2,"['0.3 miles Sloane Square', '0.5 miles South Kensington']",[]
418,"£875,000",1 bed flat for sale,1,1,['0.5 miles South Kensington'],['0.3 miles Cadogan Pier']
419,"£895,000",Studio for sale,0,0,"['0.3 miles South Kensington', '0.5 miles Knightsbridge']",[]
420,"£585,000",Studio for sale,0,0,"['0.1 miles Knightsbridge', '0.4 miles Hyde Park Corner']",[]
421,"£550,000",Studio for sale,0,1,"['0.3 miles Sloane Square', '0.5 miles South Kensington']",[]
422,"£2,650,000",3 bed flat for sale,3,3,"['0.3 miles South Kensington', '0.5 miles Sloane Square']",[]
423,"£650,000",1 bed flat for sale,1,1,"['0.3 miles Sloane Square', '0.5 miles South Kensington']",[]
424,"£425,000",Studio for sale,0,1,"['0.3 miles Sloane Square', '0.4 miles South Kensington']",[]
425,"£595,000",1 bed flat for sale,1,1,['0.7 miles South Kensington'],['0.2 miles Cadogan Pier']
426,"£850,000",1 bed flat for sale,1,1,['0.7 miles South Kensington'],['0.2 miles Cadogan Pier']
427,"£1,350,000",2 bed flat for sale,2,1,['0.7 miles South Kensington'],['0.2 miles Cadogan Pier']
428,"£1,395,000",2 bed flat for sale,2,2,['0.7 miles South Kensington'],['0.2 miles Cadogan Pier']
429,"£745,000",1 bed flat for sale,1,1,"['0.4 miles Knightsbridge', '0.4 miles South Kensington']",[]
430,"£1,075,000",1 bed flat for sale,1,1,['0.2 miles Sloane Square'],['0.6 miles Cadogan Pier']
431,"£810,000",1 bed flat for sale,1,1,['0.6 miles South Kensington'],['0.4 miles Cadogan Pier']
432,"£3,500,000",4 bed flat for sale,4,3,"['0.3 miles Knightsbridge', '0.5 miles South Kensington']",[]
433,"£1,350,000",2 bed flat for sale,2,2,"['0.2 miles Sloane Square', '0.6 miles South Kensington']",[]
434,"£650,000",1 bed flat for sale,1,1,"['0.3 miles Sloane Square', '0.5 miles South Kensington']",[]
435,"£399,950",Studio for sale,0,1,"['0.3 miles South Kensington', '0.5 miles Sloane Square']",[]
436,POA,2 bed flat for sale,2,2,['0.4 miles South Kensington'],['0.4 miles Cadogan Pier']
437,"£5,850,000",2 bed flat for sale,2,2,['0.4 miles South Kensington'],['0.4 miles Cadogan Pier']
438,"£1,750,000",2 bed flat for sale,2,2,"['0.3 miles South Kensington', '0.5 miles Knightsbridge']",[]
439,"£7,400,000",3 bed flat for sale,3,3,['0.4 miles South Kensington'],['0.4 miles Cadogan Pier']
440,"£4,500,000",4 bed mews house for sale,4,3,['0.5 miles South Kensington'],['0.4 miles Cadogan Pier']
441,"£44,000,000",7 bed semi-detached house for sale,7,7,['0.3 miles South Kensington'],['0.5 miles Cadogan Pier']
442,"£425,000",Studio for sale,0,1,"['0.4 miles South Kensington', '0.4 miles Sloane Square']",[]
443,"£7,200,000",4 bed terraced house for sale,4,3,['0.7 miles South Kensington'],['0.2 miles Cadogan Pier']
444,"£2,000,000",3 bed property for sale,3,3,['0.6 miles South Kensington'],['0.2 miles Cadogan Pier']
445,"£3,000,000",2 bed flat for sale,2,2,"['0.3 miles South Kensington', '0.5 miles Knightsbridge']",[]
446,"£375,000",Studio for sale,0,1,"['0.4 miles Sloane Square', '0.4 miles South Kensington']",[]
447,"£415,000",Studio for sale,0,1,['0.3 miles South Kensington'],['0.5 miles Cadogan Pier']
448,"£3,500,000",3 bed terraced house for sale,3,2,['0.4 miles South Kensington'],['0.5 miles Cadogan Pier']
449,"£2,000,000",5 bed houseboat for sale,5,1,['0.5 miles Sloane Square'],['0.3 miles Cadogan Pier']
450,"£1,665,000",3 bed flat for sale,3,1,"['0.2 miles South Kensington', '0.6 miles Gloucester Road']",[]
451,"£200,000",Studio for sale,0,1,['0.4 miles South Kensington'],['0.4 miles Cadogan Pier']
452,"£875,000",1 bed flat for sale,1,0,['0.6 miles Sloane Square'],['0.1 miles Cadogan Pier']
453,"£2,825,000",2 bed flat for sale,2,2,['0.7 miles South Kensington'],['0.2 miles Cadogan Pier']
454,"£1,275,000",1 bed flat for sale,1,1,"['0.3 miles Knightsbridge', '0.5 miles South Kensington']",[]
455,"£845,000",Studio for sale,0,1,"['0.3 miles Knightsbridge', '0.5 miles South Kensington']",[]
456,"£8,500,000",4 bed flat for sale,4,4,"['0.2 miles South Kensington', '0.4 miles Gloucester Road']",[]
457,"£675,000",2 bed flat for sale,2,2,['0.5 miles Sloane Square'],['0.4 miles Cadogan Pier']
458,"£700,000",1 bed flat for sale,1,1,"['0.4 miles Sloane Square', '0.5 miles South Kensington']",[]
459,"£1,525,000",3 bed flat for sale,3,3,"['0.4 miles Knightsbridge', '0.4 miles South Kensington']",[]
460,"£5,650,000",5 bed terraced house for sale,5,3,['0.3 miles Sloane Square'],['0.5 miles Cadogan Pier']
461,"£12,500,000",6 bed end terrace house for sale,6,4,"['0.4 miles Knightsbridge', '0.5 miles Sloane Square']",[]
462,"£250,000",Parking/garage for sale,0,0,"['0.1 miles Knightsbridge', '0.4 miles Hyde Park Corner']",[]
463,"£1,850,000",2 bed flat for sale,2,2,"['0.3 miles South Kensington', '0.5 miles Knightsbridge']",[]
464,"£650,000",1 bed flat for sale,1,1,['0.6 miles Sloane Square'],['0.3 miles Cadogan Pier']
465,"£845,000",Studio for sale,1,1,"['0.3 miles Knightsbridge', '0.5 miles South Kensington']",[]
466,"£1,275,000",1 bed flat for sale,1,1,"['0.3 miles Knightsbridge', '0.5 miles South Kensington']",[]
467,"£4,450,000",3 bed terraced house for sale,3,2,['0.7 miles South Kensington'],['0.3 miles Cadogan Pier']
468,"£1,695,000",2 bed flat for sale,2,2,"['0.3 miles South Kensington', '0.5 miles Knightsbridge']",[]
469,"£1,150,000",1 bed flat for sale,1,1,"['0.2 miles Sloane Square', '0.6 miles South Kensington']",[]
470,"£1,295,000",1 bed flat for sale,1,1,['0.4 miles Sloane Square'],['0.3 miles Cadogan Pier']
471,"£2,995,000",3 bed terraced house for sale,3,2,"['0.4 miles South Kensington', '0.5 miles Sloane Square']",[]
472,"£1,350,000",2 bed flat for sale,2,2,"['0.2 miles South Kensington', '0.6 miles Gloucester Road']",[]
473,"£2,495,000",3 bed maisonette for sale,3,3,['0.5 miles Sloane Square'],['0.3 miles Cadogan Pier']
474,"£1,595,000",2 bed flat for sale,2,2,"['0.4 miles South Kensington', '0.4 miles Knightsbridge']",[]
475,"£1,295,000",1 bed flat for sale,1,1,['0.5 miles Sloane Square'],['0.3 miles Cadogan Pier']
476,"£2,000,000",2 bed terraced house for sale,2,1,"['0.2 miles South Kensington', '0.5 miles Gloucester Road']",[]
477,"£885,000",1 bed flat for sale,1,1,['0.2 miles Sloane Square'],['0.6 miles Cadogan Pier']
478,"£1,695,000",2 bed flat for sale,2,2,"['0.2 miles Sloane Square', '0.6 miles South Kensington']",[]
479,"£5,250,000",4 bed flat for sale,4,3,"['0.3 miles Sloane Square', '0.5 miles South Kensington']",[]
480,"£475,000",Studio for sale,0,1,"['0.3 miles Sloane Square', '0.4 miles South Kensington']",[]
481,"£4,250,000",4 bed end terrace house for sale,4,3,"['0.4 miles Sloane Square', '0.5 miles South Kensington']",[]
482,"£1,375,000",2 bed flat for sale,2,2,[],"['0.4 miles Cadogan Pier', '0.7 miles Chelsea Harbour Pier']"
483,"£649,000",1 bed flat for sale,1,1,"['0.3 miles South Kensington', '0.5 miles Knightsbridge']",[]
484,"£1,395,000",2 bed flat for sale,2,2,"['0.4 miles South Kensington', '0.4 miles Sloane Square']",[]
485,"£11,950,000",5 bed terraced house for sale,5,4,['0.4 miles South Kensington'],['0.5 miles Cadogan Pier']
486,"£1,100,000",1 bed flat for sale,1,1,['0.5 miles Sloane Square'],['0.3 miles Cadogan Pier']
487,"£3,850,000",3 bed terraced house for sale,3,3,['0.4 miles Sloane Square'],['0.3 miles Cadogan Pier']
488,"£1,200,000",2 bed flat for sale,2,2,"['0.1 miles South Kensington', '0.5 miles Gloucester Road']",[]
489,"£950,000",1 bed flat for sale,1,0,['0.6 miles Sloane Square'],['0.3 miles Cadogan Pier']
490,"£825,000",2 bed flat for sale,2,1,"['0.3 miles South Kensington', '0.5 miles Sloane Square']",[]
491,"£795,000",1 bed flat for sale,1,1,['0.6 miles Sloane Square'],['0.1 miles Cadogan Pier']
492,"£2,495,000",3 bed town house for sale,3,3,['0.6 miles South Kensington'],['0.3 miles Cadogan Pier']
493,"£1,550,000",2 bed flat for sale,2,2,['0.4 miles Sloane Square'],['0.3 miles Cadogan Pier']
494,"£1,500,000",2 bed property for sale,2,2,"['0.3 miles Sloane Square', '0.5 miles South Kensington']",[]
495,"£1,325,000",Studio for sale,0,1,"['0.2 miles Sloane Square', '0.6 miles South Kensington']",[]
496,"£1,250,000",1 bed flat for sale,1,1,"['0.3 miles South Kensington', '0.5 miles Knightsbridge']",[]
497,"£1,250,000",1 bed flat for sale,1,1,"['0.3 miles South Kensington', '0.5 miles Knightsbridge']",[]
498,"£6,250,000",3 bed terraced house for sale,3,2,['0.7 miles South Kensington'],['0.2 miles Cadogan Pier']
499,"£6,250,000",3 bed terraced house for sale,3,2,[],"['0.3 miles Cadogan Pier', '0.7 miles Chelsea Harbour Pier']"
500,"£4,400,000",3 bed flat for sale,3,3,['0.8 miles South Kensington'],['0.2 miles Cadogan Pier']
501,"£995,000",1 bed flat for sale,1,1,['0.6 miles Sloane Square'],['0.1 miles Cadogan Pier']
502,"£1,325,000",2 bed flat for sale,2,1,"['0.4 miles South Kensington', '0.5 miles Sloane Square']",[]
503,"£2,500,000",3 bed flat for sale,3,3,"['0.2 miles Sloane Square', '0.6 miles South Kensington']",[]
504,"£624,500",1 bed flat for sale,1,1,['0.7 miles South Kensington'],['0.4 miles Cadogan Pier']
505,"£5,900,000",3 bed flat for sale,3,3,['0.4 miles South Kensington'],['0.4 miles Cadogan Pier']
506,"£7,400,000",3 bed flat for sale,3,3,['0.4 miles South Kensington'],['0.4 miles Cadogan Pier']
507,"£550,000",1 bed flat for sale,1,1,"['0.3 miles South Kensington', '0.5 miles Sloane Square']",[]
508,"£2,200,000",3 bed flat for sale,3,2,"['0.4 miles South Kensington', '0.4 miles Knightsbridge']",[]
509,"£7,200,000",4 bed terraced house for sale,4,3,['0.7 miles South Kensington'],['0.2 miles Cadogan Pier']
510,"£500,000",Studio for sale,0,0,"['0.3 miles Sloane Square', '0.5 miles South Kensington']",[]
511,"£625,000",Studio for sale,0,1,['0.4 miles South Kensington'],['0.4 miles Cadogan Pier']
512,"£695,000",1 bed flat for sale,1,1,"['0.4 miles Sloane Square', '0.4 miles South Kensington']",[]
513,"£1,995,950",2 bed flat for sale,2,2,"['0.3 miles Knightsbridge', '0.5 miles Sloane Square']",[]
514,"£2,050,000",2 bed flat for sale,2,2,"['0.6 miles Gloucester Road', '0.6 miles South Kensington']",[]
515,"£3,500,000",3 bed flat for sale,3,3,"['0.1 miles Knightsbridge', '0.4 miles Hyde Park Corner']",[]
516,"£610,000",1 bed flat for sale,1,1,"['0.3 miles Sloane Square', '0.4 miles South Kensington']",[]
517,"£2,600,000",3 bed flat for sale,3,3,['0.5 miles South Kensington'],['0.5 miles Cadogan Pier']
518,"£2,295,000",2 bed flat for sale,2,0,['0.6 miles South Kensington'],['0.2 miles Cadogan Pier']
519,"£1,400,000",2 bed flat for sale,2,1,"['0.4 miles Knightsbridge', '0.5 miles South Kensington']",[]
520,"£1,375,000",2 bed flat for sale,2,1,"['0.2 miles South Kensington', '0.5 miles Gloucester Road']",[]
521,"£4,250,000",3 bed flat for sale,3,0,['0.6 miles South Kensington'],['0.2 miles Cadogan Pier']
522,"£625,000",Studio for sale,0,1,"['0.3 miles Knightsbridge', '0.5 miles South Kensington']",[]
523,"£1,525,000",2 bed flat for sale,2,0,['0.7 miles South Kensington'],['0.2 miles Cadogan Pier']
524,"£2,995,000",3 bed terraced house for sale,3,2,"['0.4 miles South Kensington', '0.4 miles Sloane Square']",[]
525,"£4,800,000",2 bed flat for sale,2,0,['0.6 miles South Kensington'],['0.2 miles Cadogan Pier']
526,"£2,250,000",2 bed flat for sale,2,0,['0.6 miles South Kensington'],['0.2 miles Cadogan Pier']
527,"£900,000",1 bed flat for sale,1,1,"['0.4 miles South Kensington', '0.4 miles Sloane Square']",[]
528,"£680,000",1 bed flat for sale,1,1,"['0.4 miles Knightsbridge', '0.4 miles South Kensington']",[]
529,"£5,500,000",3 bed flat for sale,3,0,['0.6 miles South Kensington'],['0.2 miles Cadogan Pier']
530,"£715,000",Studio for sale,0,1,"['0.3 miles South Kensington', '0.5 miles Knightsbridge']",[]
531,"£3,850,000",2 bed flat for sale,2,0,['0.6 miles South Kensington'],['0.2 miles Cadogan Pier']
532,"£4,950,000",2 bed flat for sale,2,0,['0.6 miles South Kensington'],['0.2 miles Cadogan Pier']
533,"£4,950,000",3 bed flat for sale,3,0,['0.6 miles South Kensington'],['0.2 miles Cadogan Pier']
534,"£2,250,000",2 bed flat for sale,2,0,['0.6 miles South Kensington'],['0.2 miles Cadogan Pier']
535,"£650,000",1 bed flat for sale,1,1,['0.7 miles Sloane Square'],['0.1 miles Cadogan Pier']
536,"£695,000",1 bed flat for sale,1,1,['0.5 miles South Kensington'],['0.4 miles Cadogan Pier']
537,"£4,850,000",3 bed flat for sale,3,3,"['0.3 miles Sloane Square', '0.5 miles South Kensington']",[]
538,"£12,950,000",5 bed terraced house for sale,5,5,"['0.3 miles Sloane Square', '0.5 miles South Kensington']",[]
539,"£725,000",2 bed flat for sale,2,2,"['0.3 miles South Kensington', '0.5 miles Sloane Square']",[]
540,"£15,495,000",7 bed terraced house for sale,7,6,"['0.4 miles South Kensington', '0.4 miles Knightsbridge']",[]
541,"£1,100,000",1 bed flat for sale,1,1,"['0.3 miles South Kensington', '0.4 miles Knightsbridge']",[]
542,"£1,075,000",1 bed flat for sale,1,1,['0.2 miles Sloane Square'],['0.6 miles Cadogan Pier']
543,"£9,950,000",2 bed property for sale,2,3,['0.6 miles Sloane Square'],['0.1 miles Cadogan Pier']
544,"£3,250,000",4 bed flat for sale,4,3,['0.4 miles South Kensington'],['0.5 miles Cadogan Pier']
545,"£875,000",3 bed flat for sale,3,2,['0.7 miles South Kensington'],['0.4 miles Cadogan Pier']
546,"£950,000",2 bed flat for sale,2,2,['0.3 miles South Kensington'],['0.5 miles Cadogan Pier']
547,"£850,000",1 bed flat for sale,1,1,"['0.4 miles South Kensington', '0.4 miles Sloane Square']",[]
548,"£1,150,000",1 bed flat for sale,1,1,['0.5 miles Sloane Square'],['0.3 miles Cadogan Pier']
549,"£3,000,000",3 bed terraced house for sale,3,3,['0.4 miles South Kensington'],['0.5 miles Cadogan Pier']
550,"£675,000",Studio for sale,0,1,"['0.1 miles Knightsbridge', '0.4 miles Hyde Park Corner']",[]
551,"£700,000",1 bed flat for sale,1,1,['0.8 miles South Kensington'],['0.1 miles Cadogan Pier']
552,"£600,000",1 bed flat for sale,1,1,"['0.4 miles South Kensington', '0.4 miles Sloane Square']",[]
553,"£725,000",1 bed flat for sale,1,1,"['0.4 miles Sloane Square', '0.4 miles South Kensington']",[]
554,"£650,000",1 bed flat for sale,1,1,"['0.4 miles Sloane Square', '0.4 miles South Kensington']",[]
555,"£895,000",1 bed property for sale,1,1,['0.7 miles South Kensington'],['0.3 miles Cadogan Pier']
556,"£1,100,000",1 bed flat for sale,1,1,"['0.3 miles South Kensington', '0.4 miles Knightsbridge']",[]
557,"£1,395,000",2 bed flat for sale,2,2,"['0.4 miles South Kensington', '0.4 miles Sloane Square']",[]
558,"£1,495,000",2 bed flat for sale,2,1,"['0.3 miles South Kensington', '0.5 miles Knightsbridge']",[]
559,"£1,425,000",3 bed flat for sale,3,2,['0.7 miles South Kensington'],['0.1 miles Cadogan Pier']
560,"£1,250,000",2 bed flat for sale,2,2,"['0.3 miles Sloane Square', '0.5 miles South Kensington']",[]
561,"£300,000",Studio for sale,0,1,"['0.3 miles South Kensington', '0.5 miles Sloane Square']",[]
562,"£399,950",Studio for sale,0,1,"['0.4 miles Sloane Square', '0.4 miles South Kensington']",[]
563,"£1,300,000",3 bed flat for sale,3,2,[],"['0.3 miles Cadogan Pier', '0.7 miles Chelsea Harbour Pier']"
564,"£895,000",1 bed flat for sale,1,1,['0.5 miles Sloane Square'],['0.2 miles Cadogan Pier']
565,"£375,000",1 bed flat for sale,1,1,['0.6 miles South Kensington'],['0.3 miles Cadogan Pier']
566,"£650,000",1 bed flat for sale,1,1,['0.8 miles South Kensington'],['0.1 miles Cadogan Pier']
567,"£850,000",2 bed flat for sale,2,1,"['0.6 miles Gloucester Road', '0.6 miles South Kensington']",[]
568,"£650,000",1 bed flat for sale,1,1,['0.7 miles South Kensington'],['0.1 miles Cadogan Pier']
569,"£800,000",2 bed flat for sale,2,1,['0.6 miles South Kensington'],['0.3 miles Cadogan Pier']
570,"£1,495,000",3 bed flat for sale,3,3,"['0.2 miles South Kensington', '0.6 miles Knightsbridge']",[]
571,"£1,495,000",2 bed flat for sale,2,1,"['0.3 miles South Kensington', '0.5 miles Knightsbridge']",[]
572,"£1,650,000",2 bed maisonette for sale,2,2,['0.6 miles South Kensington'],['0.5 miles Cadogan Pier']
573,"£3,750,000",3 bed flat for sale,3,2,"['0.3 miles Sloane Square', '0.5 miles South Kensington']",[]
574,"£1,650,000",2 bed flat for sale,2,2,['0.6 miles South Kensington'],['0.2 miles Cadogan Pier']
575,"£7,250,000",5 bed terraced house for sale,5,4,['0.5 miles Sloane Square'],['0.3 miles Cadogan Pier']
576,"£7,250,000",5 bed terraced house for sale,5,4,['0.5 miles Sloane Square'],['0.3 miles Cadogan Pier']
577,"£995,000",1 bed flat for sale,1,2,"['0.3 miles Knightsbridge', '0.5 miles Sloane Square']",[]
578,"£3,500,000",3 bed flat for sale,3,2,['0.5 miles Sloane Square'],['0.3 miles Cadogan Pier']
579,"£850,000",1 bed flat for sale,1,0,['0.7 miles South Kensington'],['0.2 miles Cadogan Pier']
580,"£620,000",1 bed flat for sale,1,1,"['0.4 miles Sloane Square', '0.4 miles South Kensington']",[]
581,"£1,350,000",2 bed flat for sale,2,0,['0.7 miles South Kensington'],['0.2 miles Cadogan Pier']
582,"£2,500,000",3 bed flat for sale,3,3,"['0.3 miles Sloane Square', '0.5 miles South Kensington']",[]
583,"£550,000",Studio for sale,0,1,"['0.3 miles Sloane Square', '0.4 miles South Kensington']",[]
584,"£1,395,000",2 bed flat for sale,2,0,['0.7 miles South Kensington'],['0.2 miles Cadogan Pier']
585,"£325,000",Studio for sale,0,1,"['0.3 miles South Kensington', '0.5 miles Sloane Square']",[]
586,"£5,850,000",2 bed flat for sale,2,2,['0.4 miles South Kensington'],['0.4 miles Cadogan Pier']
587,"£225,000",Parking/garage for sale,0,0,"['0.2 miles Knightsbridge', '0.5 miles Sloane Square']",[]
588,"£579,000",Studio for sale,0,1,"['0.4 miles Sloane Square', '0.4 miles South Kensington']",[]
589,"£9,950,000",2 bed flat for sale,2,3,['0.6 miles Sloane Square'],['0.2 miles Cadogan Pier']
590,"£895,000",1 bed flat for sale,1,1,['0.5 miles Sloane Square'],['0.3 miles Cadogan Pier']
591,"£695,000",2 bed flat for sale,2,1,['0.6 miles South Kensington'],['0.3 miles Cadogan Pier']
592,"£1,475,000",2 bed flat for sale,2,1,"['0.4 miles South Kensington', '0.4 miles Knightsbridge']",[]
593,"£810,000",1 bed flat for sale,1,1,['0.6 miles South Kensington'],['0.4 miles Cadogan Pier']
594,"£625,000",1 bed flat for sale,1,1,['0.5 miles Sloane Square'],['0.3 miles Cadogan Pier']
595,"£499,950",Studio for sale,0,1,"['0.3 miles Sloane Square', '0.4 miles South Kensington']",[]
596,"£560,000",Studio for sale,0,1,"['0.4 miles South Kensington', '0.4 miles Sloane Square']",[]
597,"£1,250,000",2 bed flat for sale,2,1,"['0.2 miles South Kensington', '0.5 miles Gloucester Road']",[]
598,"£520,000",Studio for sale,0,1,"['0.2 miles Sloane Square', '0.5 miles Knightsbridge']",[]
599,"£1,950,000",2 bed flat for sale,2,2,"['0.4 miles South Kensington', '0.4 miles Knightsbridge']",[]
